side,joint,delta,type,elbow_x,elbow_y,elbow_z,displacement
left,left_shoulder_pitch_joint,-0.6,single,-9.937458992004395,-4.861677169799805,0.6092563271522522,0.05624351650476456
left,left_shoulder_pitch_joint,-0.4,single,-9.955609321594238,-4.8535332679748535,0.5891427993774414,0.029376326128840446
left,left_shoulder_pitch_joint,-0.2,single,-9.983192443847656,-4.850894451141357,0.5778263211250305,0.011942707002162933
left,left_shoulder_pitch_joint,0.0,single,-10.025697708129883,-4.854889869689941,0.5753291845321655,0.04870428517460823
left,left_shoulder_pitch_joint,0.2,single,-10.054969787597656,-4.858524322509766,0.5762936472892761,0.07786272466182709
left,left_shoulder_pitch_joint,0.4,single,-10.084063529968262,-4.861440181732178,0.5865453481674194,0.10805052518844604
left,left_shoulder_pitch_joint,0.6,single,-10.101125717163086,-4.855316638946533,0.6020265221595764,0.12788239121437073
left,left_shoulder_roll_joint,-0.6,single,-10.022019386291504,-4.8916425704956055,0.5734248757362366,0.05624418333172798
left,left_shoulder_roll_joint,-0.4,single,-10.020546913146973,-4.891253471374512,0.5733338594436646,0.0548374205827713
left,left_shoulder_roll_joint,-0.2,single,-10.020468711853027,-4.88657283782959,0.573115885257721,0.05201854929327965
left,left_shoulder_roll_joint,0.0,single,-10.029419898986816,-4.8563151359558105,0.5746611952781677,0.05227852985262871
left,left_shoulder_roll_joint,0.2,single,-10.040977478027344,-4.830621242523193,0.5817584991455078,0.07010851800441742
left,left_shoulder_roll_joint,0.4,single,-10.054489135742188,-4.81072998046875,0.5919187664985657,0.09290429204702377
left,left_shoulder_roll_joint,0.6,single,-10.051313400268555,-4.783299446105957,0.609110414981842,0.11194009333848953
left,left_shoulder_yaw_joint,-0.6,single,-10.027037620544434,-4.862744331359863,0.574594259262085,0.050147365778684616
left,left_shoulder_yaw_joint,-0.4,single,-10.029595375061035,-4.861800670623779,0.5746552348136902,0.05260339006781578
left,left_shoulder_yaw_joint,-0.2,single,-10.030096054077148,-4.859395980834961,0.5748023986816406,0.05297868326306343
left,left_shoulder_yaw_joint,0.0,single,-10.02947998046875,-4.8564934730529785,0.5750424265861511,0.05237066373229027
left,left_shoulder_yaw_joint,0.2,single,-10.028757095336914,-4.853662014007568,0.5760772228240967,0.05190447345376015
left,left_shoulder_yaw_joint,0.4,single,-10.028789520263672,-4.849847316741943,0.5761950612068176,0.05237935483455658
left,left_shoulder_yaw_joint,0.6,single,-10.029312133789062,-4.846663951873779,0.5772320032119751,0.05358574911952019
left,left_elbow_joint,-0.6,single,-10.031338691711426,-4.8586578369140625,0.5739055275917053,0.05412142723798752
left,left_elbow_joint,-0.4,single,-10.02993106842041,-4.857669353485107,0.574361264705658,0.05274490267038345
left,left_elbow_joint,-0.2,single,-10.02939510345459,-4.857091903686523,0.5749818086624146,0.05227082595229149
left,left_elbow_joint,0.0,single,-10.029085159301758,-4.8564372062683105,0.5751594305038452,0.051990967243909836
left,left_elbow_joint,0.2,single,-10.029389381408691,-4.856712818145752,0.5759270191192627,0.052371613681316376
left,left_elbow_joint,0.4,single,-10.031048774719238,-4.857434272766113,0.5759458541870117,0.05401478707790375
left,left_elbow_joint,0.6,single,-10.033970832824707,-4.858489513397217,0.5762972235679626,0.05696425214409828
left,combo,0,combo,-10.09857177734375,-4.800603866577148,0.6105077862739563,0.1399681121110916
left,combo,0,combo,-10.078958511352539,-4.834701061248779,0.5890985727310181,0.10589577257633209
left,combo,0,combo,-9.98386287689209,-4.834391117095947,0.5840197205543518,0.027968643233180046
left,combo,0,combo,-10.092178344726562,-4.811582565307617,0.6039320826530457,0.12829455733299255
left,combo,0,combo,-10.048171043395996,-4.771401405334473,0.6191307306289673,0.12195517867803574
left,combo,0,combo,-10.041923522949219,-4.808565616607666,0.5942631363868713,0.08466329425573349
left,combo,0,combo,-10.01276683807373,-4.763824462890625,0.627538800239563,0.11566007137298584
left,combo,0,combo,-10.058577537536621,-4.838549613952637,0.5828716158866882,0.08441685140132904
left,combo,0,combo,-10.12449836730957,-4.812156677246094,0.6226313710212708,0.16277764737606049
left,combo,0,combo,-9.979070663452148,-4.755341529846191,0.6241759061813354,0.11582028120756149
left,combo,0,combo,-9.968542098999023,-4.782258987426758,0.6228327751159668,0.0925426185131073
left,combo,0,combo,-10.037875175476074,-4.788268566131592,0.610101044178009,0.10044402629137039
left,combo,0,combo,-10.085426330566406,-4.768838882446289,0.6449028849601746,0.15870939195156097
left,combo,0,combo,-9.94291877746582,-4.812778472900391,0.6182029843330383,0.0744057148694992
left,combo,0,combo,-10.060075759887695,-4.853629112243652,0.5794005990028381,0.08334141969680786
left,combo,0,combo,-10.104328155517578,-4.811053276062012,0.6088990569114685,0.14074429869651794
left,combo,0,combo,-10.07815170288086,-4.813415050506592,0.5992267727851868,0.11389375478029251
left,combo,0,combo,-10.038945198059082,-4.84413480758667,0.5776557922363281,0.06350582838058472
left,combo,0,combo,-9.999472618103027,-4.7994184494018555,0.6033677458763123,0.07070054858922958
left,combo,0,combo,-10.134739875793457,-4.827414512634277,0.6353896856307983,0.1731189787387848
left,combo,0,combo,-10.079609870910645,-4.800365924835205,0.6192346215248108,0.12715189158916473
left,combo,0,combo,-10.001258850097656,-4.755821228027344,0.6383126974105835,0.12497896701097488
left,combo,0,combo,-10.132997512817383,-4.859633445739746,0.6236544847488403,0.1646702140569687
left,combo,0,combo,-10.001849174499512,-4.819619655609131,0.5818337798118591,0.046755336225032806
left,combo,0,combo,-10.106891632080078,-4.810305595397949,0.6197486519813538,0.14663459360599518
left,combo,0,combo,-10.04216194152832,-4.805325508117676,0.5923271775245667,0.08623374998569489
left,combo,0,combo,-9.995222091674805,-4.77213716506958,0.6292951107025146,0.10563568025827408
left,combo,0,combo,-10.124979972839355,-4.822540760040283,0.6251012086868286,0.16145926713943481
left,combo,0,combo,-9.941657066345215,-4.801589488983154,0.6164252758026123,0.08114509284496307
left,combo,0,combo,-10.040006637573242,-4.763363361358643,0.6382303237915039,0.13221871852874756
left,combo,0,combo,-10.057944297790527,-4.791732311248779,0.6147225499153137,0.1133357360959053
left,combo,0,combo,-10.010818481445312,-4.773965835571289,0.6235743761062622,0.10489024221897125
left,combo,0,combo,-9.978049278259277,-4.831058979034424,0.5952550768852234,0.036759424954652786
left,combo,0,combo,-10.008498191833496,-4.799134731292725,0.6199829578399658,0.08307787030935287
left,combo,0,combo,-9.92973804473877,-4.827145576477051,0.6284112334251404,0.08141224831342697
left,combo,0,combo,-9.974344253540039,-4.792331218719482,0.6259785294532776,0.08615080267190933
left,combo,0,combo,-10.06955337524414,-4.789713382720947,0.6563898921012878,0.1435142457485199
left,combo,0,combo,-10.014965057373047,-4.811074733734131,0.6083919405937195,0.07116443663835526
left,combo,0,combo,-10.054007530212402,-4.777647972106934,0.6633629202842712,0.14495457708835602
left,combo,0,combo,-9.972713470458984,-4.826141357421875,0.6095120310783386,0.05084989219903946
left,combo,0,combo,-9.978002548217773,-4.79725980758667,0.6346195340156555,0.08853621780872345
left,combo,0,combo,-10.089757919311523,-4.833099842071533,0.6347528696060181,0.13207076489925385
left,combo,0,combo,-10.011096000671387,-4.838399887084961,0.592888593673706,0.04513242468237877
left,combo,0,combo,-10.081584930419922,-4.832512855529785,0.619427502155304,0.11809787154197693
left,combo,0,combo,-10.049667358398438,-4.7746124267578125,0.6639242172241211,0.14479471743106842
left,combo,0,combo,-10.01195240020752,-4.783620834350586,0.638299286365509,0.10656525194644928
left,combo,0,combo,-10.060171127319336,-4.794016361236572,0.6402453184127808,0.12591728568077087
left,combo,0,combo,-9.94296932220459,-4.8205342292785645,0.6315111517906189,0.07975959777832031
left,combo,0,combo,-10.037525177001953,-4.812103271484375,0.613945722579956,0.08736994117498398
left,combo,0,combo,-9.931364059448242,-4.83699893951416,0.6264663338661194,0.07581746578216553
left,combo,0,combo,-9.94710922241211,-4.794334888458252,0.648719072341919,0.1055535301566124
left,combo,0,combo,-10.013586044311523,-4.783520221710205,0.6410372853279114,0.10894506424665451
left,combo,0,combo,-10.069419860839844,-4.791037082672119,0.6583427786827087,0.14399850368499756
left,combo,0,combo,-9.940278053283691,-4.824923992156982,0.629420280456543,0.07742273062467575
left,combo,0,combo,-10.094220161437988,-4.856175422668457,0.6196514964103699,0.12702089548110962
left,combo,0,combo,-10.079899787902832,-4.791821002960205,0.6693500876426697,0.1572900414466858
left,combo,0,combo,-9.982396125793457,-4.769017219543457,0.6497645378112793,0.11942186951637268
left,combo,0,combo,-10.101239204406738,-4.8187575340271,0.659476637840271,0.15774863958358765
left,combo,0,combo,-10.002483367919922,-4.772839546203613,0.6503400206565857,0.11956687271595001
left,combo,0,combo,-10.074788093566895,-4.795695781707764,0.6546324491500854,0.14321665465831757
left,combo,0,combo,-9.993919372558594,-4.7905707359313965,0.6333882212638855,0.0938403531908989
left,combo,0,combo,-9.968514442443848,-4.778451442718506,0.6458163857460022,0.11007658392190933
left,combo,0,combo,-9.973158836364746,-4.808274745941162,0.6163771748542786,0.06795115768909454
left,combo,0,combo,-9.996491432189941,-4.774105548858643,0.6446182131767273,0.11370951682329178
left,combo,0,combo,-10.091241836547852,-4.8159074783325195,0.6451833248138428,0.1427575647830963
left,combo,0,combo,-10.064157485961914,-4.780353546142578,0.6721869111061096,0.15483295917510986
left,combo,0,combo,-10.033097267150879,-4.853055000305176,0.5934773683547974,0.06069313734769821
left,combo,0,combo,-9.968915939331055,-4.838658809661865,0.6032458543777466,0.03932546079158783
left,combo,0,combo,-10.018455505371094,-4.774810314178467,0.6455787420272827,0.1194954663515091
left,combo,0,combo,-10.054780960083008,-4.797057151794434,0.6403158903121948,0.12093018740415573
left,combo,0,combo,-10.099255561828613,-4.816009521484375,0.6690346002578735,0.16255158185958862
left,combo,0,combo,-9.938342094421387,-4.806125640869141,0.6420706510543823,0.09690931439399719
left,combo,0,combo,-10.062237739562988,-4.791994094848633,0.6578163504600525,0.13872870802879333
left,combo,0,combo,-9.980957984924316,-4.835799694061279,0.5990726947784424,0.03664528951048851
left,combo,0,combo,-9.956196784973145,-4.802387237548828,0.6364067196846008,0.08904534578323364
left,combo,0,combo,-10.084184646606445,-4.861263751983643,0.6100776791572571,0.11418915539979935
left,combo,0,combo,-10.088558197021484,-4.804572105407715,0.6799293756484985,0.1652042269706726
left,combo,0,combo,-10.0137300491333,-4.814921855926514,0.6067026257514954,0.0670999214053154
left,combo,0,combo,-9.9805326461792,-4.821883678436279,0.6075748801231384,0.05205848067998886
left,combo,0,combo,-10.04967975616455,-4.837001323699951,0.6049785017967224,0.08298473060131073
left,combo,0,combo,-10.083771705627441,-4.799619674682617,0.6581227779388428,0.14991794526576996
left,combo,0,combo,-9.999157905578613,-4.790635108947754,0.6261400580406189,0.09016387164592743
left,combo,0,combo,-10.052302360534668,-4.798591613769531,0.6295772194862366,0.11253838241100311
left,combo,0,combo,-10.05718994140625,-4.7869791984558105,0.6413812041282654,0.12835989892482758
left,combo,0,combo,-9.966273307800293,-4.811127185821533,0.6224759221076965,0.07109368592500687
left,combo,0,combo,-10.039717674255371,-4.793591499328613,0.6306867003440857,0.10810422152280807
left,combo,0,combo,-9.954975128173828,-4.813965797424316,0.6271334886550903,0.07542553544044495
left,combo,0,combo,-10.036162376403809,-4.798818588256836,0.6254913806915283,0.10004367679357529
left,combo,0,combo,-9.967818260192871,-4.809792518615723,0.6234756708145142,0.07248783111572266
left,combo,0,combo,-10.046368598937988,-4.787134170532227,0.6536756753921509,0.12943844497203827
left,combo,0,combo,-9.988851547241211,-4.781219959259033,0.6372829079627991,0.10254479944705963
left,combo,0,combo,-9.970297813415527,-4.791623592376709,0.633851170539856,0.09220407158136368
left,combo,0,combo,-10.078293800354004,-4.787369251251221,0.6858159303665161,0.16901777684688568
left,combo,0,combo,-10.102706909179688,-4.850508213043213,0.6291028261184692,0.138811856508255
left,combo,0,combo,-10.085718154907227,-4.807345390319824,0.6457831859588623,0.14152953028678894
left,combo,0,combo,-10.022673606872559,-4.779517650604248,0.6352134346961975,0.1114608570933342
left,combo,0,combo,-10.099123001098633,-4.812283992767334,0.662879228591919,0.15978549420833588
left,combo,0,combo,-9.995701789855957,-4.766932964324951,0.6568958163261414,0.1270294189453125
left,combo,0,combo,-10.022810935974121,-4.842623710632324,0.5962314605712891,0.054634179919958115
left,combo,0,combo,-9.974964141845703,-4.786345958709717,0.6368255615234375,0.09783289581537247
left,combo,0,combo,-10.106464385986328,-4.848043918609619,0.637502908706665,0.14605428278446198
left,combo,0,combo,-10.039525032043457,-4.788020133972168,0.6330602765083313,0.11270060390233994
left,combo,0,combo,-10.022936820983887,-4.777418613433838,0.6513705849647522,0.12309771776199341
left,combo,0,combo,-9.964712142944336,-4.78221321105957,0.6502074003219604,0.11092225462198257
left,combo,0,combo,-9.947070121765137,-4.821911334991455,0.619057297706604,0.06793470680713654
left,combo,0,combo,-9.972991943359375,-4.852734565734863,0.5963032841682434,0.02725883014500141
left,combo,0,combo,-9.97607707977295,-4.771036624908447,0.6496778726577759,0.11777318269014359
left,combo,0,combo,-10.02995777130127,-4.785414218902588,0.6347736120223999,0.11042143404483795
left,combo,0,combo,-10.016877174377441,-4.772130966186523,0.6469863057136536,0.12172951549291611
left,combo,0,combo,-10.000833511352539,-4.780487537384033,0.6383906006813049,0.10581579059362411
left,combo,0,combo,-10.062344551086426,-4.83933687210083,0.6126596927642822,0.09688175469636917
left,combo,0,combo,-10.060662269592285,-4.8077826499938965,0.6312322616577148,0.11483655124902725
left,combo,0,combo,-10.047948837280273,-4.829433917999268,0.6092556715011597,0.08559930324554443
left,combo,0,combo,-10.002771377563477,-4.7858171463012695,0.6305975914001465,0.09741829335689545
left,combo,0,combo,-10.004705429077148,-4.822640895843506,0.6055997014045715,0.05699260160326958
left,combo,0,combo,-9.943323135375977,-4.808567523956299,0.626628041267395,0.08239927142858505
left,combo,0,combo,-10.048770904541016,-4.8538594245910645,0.596104085445404,0.07615947723388672
left,combo,0,combo,-9.969016075134277,-4.835371494293213,0.6066275238990784,0.043790053576231
left,combo,0,combo,-10.067468643188477,-4.781119346618652,0.6760199666023254,0.15887220203876495
left,combo,0,combo,-10.01412582397461,-4.783813953399658,0.6356006860733032,0.10545351356267929
left,combo,0,combo,-10.079514503479004,-4.847873210906982,0.6134259700775146,0.11147011816501617
left,combo,0,combo,-10.048523902893066,-4.779682159423828,0.6496439576148987,0.13229745626449585
left,combo,0,combo,-10.07013988494873,-4.798035621643066,0.6464354991912842,0.1342385858297348
left,combo,0,combo,-9.998714447021484,-4.840664386749268,0.594028890132904,0.036431800574064255
left,combo,0,combo,-9.973613739013672,-4.773393154144287,0.6512757539749146,0.1172100305557251
left,combo,0,combo,-10.0552339553833,-4.7963666915893555,0.6459655165672302,0.12492683529853821
left,combo,0,combo,-10.097068786621094,-4.853213787078857,0.6226564645767212,0.1308959275484085
left,combo,0,combo,-10.114202499389648,-4.839431285858154,0.6452209949493408,0.15726551413536072
left,combo,0,combo,-9.980462074279785,-4.805621147155762,0.6242863535881042,0.0753428116440773
left,combo,0,combo,-10.024760246276855,-4.829176425933838,0.6004917025566101,0.06318843364715576
left,combo,0,combo,-10.00080394744873,-4.787311553955078,0.6267136335372925,0.0934082493185997
left,combo,0,combo,-10.025440216064453,-4.815433502197266,0.609714686870575,0.07535606622695923
left,combo,0,combo,-10.055980682373047,-4.7746381759643555,0.6636264324188232,0.14784418046474457
left,combo,0,combo,-9.95979118347168,-4.781661510467529,0.6696177124977112,0.12661978602409363
left,combo,0,combo,-9.984992027282715,-4.797752380371094,0.6299701929092407,0.0851840004324913
left,combo,0,combo,-10.03246784210205,-4.779836177825928,0.6457765102386475,0.12185882031917572
left,combo,0,combo,-9.946589469909668,-4.806307315826416,0.6311318278312683,0.08565279096364975
left,combo,0,combo,-10.028154373168945,-4.775702476501465,0.6484318971633911,0.12435171753168106
left,combo,0,combo,-10.123927116394043,-4.859571933746338,0.64839106798172,0.1662806123495102
left,combo,0,combo,-9.972678184509277,-4.770266532897949,0.6625649929046631,0.12746979296207428
left,combo,0,combo,-10.055767059326172,-4.815104961395264,0.6211003065109253,0.10285235196352005
left,combo,0,combo,-9.989167213439941,-4.7732744216918945,0.6545373797416687,0.12010324001312256
left,combo,0,combo,-10.01046085357666,-4.832174301147461,0.6036325097084045,0.05369426682591438
left,combo,0,combo,-10.06273365020752,-4.8200554847717285,0.6181893944740295,0.10503820329904556
left,combo,0,combo,-9.99362564086914,-4.774715423583984,0.6420222520828247,0.11111060529947281
left,combo,0,combo,-10.0855712890625,-4.788471698760986,0.6812525391578674,0.16999264061450958
left,combo,0,combo,-10.055428504943848,-4.804401397705078,0.6334798336029053,0.11389677226543427
left,combo,0,combo,-10.077858924865723,-4.836164951324463,0.6175848841667175,0.11329218745231628
left,combo,0,combo,-10.02395248413086,-4.805202484130859,0.6110005378723145,0.08130015432834625
left,combo,0,combo,-9.972461700439453,-4.773024559020996,0.647487223148346,0.1149250864982605
left,combo,0,combo,-9.929096221923828,-4.845566272735596,0.6287850141525269,0.07713784277439117
left,combo,0,combo,-9.94565200805664,-4.812117576599121,0.6342347264289856,0.08498532325029373
left,combo,0,combo,-10.012290000915527,-4.834578514099121,0.59894859790802,0.0509541817009449
left,combo,0,combo,-9.965243339538574,-4.776703357696533,0.6493739485740662,0.11409895122051239
left,combo,0,combo,-10.097041130065918,-4.82937479019165,0.6403131484985352,0.14171063899993896
left,combo,0,combo,-9.999402046203613,-4.770670413970947,0.6561161279678345,0.12444578856229782
left,combo,0,combo,-10.07303237915039,-4.781318664550781,0.6902763843536377,0.17167964577674866
left,combo,0,combo,-10.046732902526855,-4.8386054039001465,0.6023167371749878,0.07890205830335617
left,combo,0,combo,-10.004344940185547,-4.853421688079834,0.5905781984329224,0.034271180629730225
left,combo,0,combo,-10.044121742248535,-4.798426151275635,0.6261165142059326,0.10547083616256714
left,combo,0,combo,-10.041037559509277,-4.854999542236328,0.5944846272468567,0.06830959022045135
left,combo,0,combo,-10.12092113494873,-4.869804382324219,0.6380332708358765,0.15938061475753784
left,combo,0,combo,-9.927144050598145,-4.842914581298828,0.625774621963501,0.07660095393657684
left,combo,0,combo,-9.981779098510742,-4.7986860275268555,0.6290104389190674,0.08362013101577759
left,combo,0,combo,-10.022126197814941,-4.815899848937988,0.6081721782684326,0.07218886911869049
left,combo,0,combo,-10.046329498291016,-4.829419136047363,0.6066378951072693,0.08308230340480804
left,combo,0,combo,-10.083255767822266,-4.789306163787842,0.6636809706687927,0.15710097551345825
left,combo,0,combo,-10.093043327331543,-4.792314052581787,0.6840076446533203,0.17514289915561676
left,combo,0,combo,-10.02947998046875,-4.839000701904297,0.5976853966712952,0.061934828758239746
left,combo,0,combo,-10.076071739196777,-4.800759315490723,0.6477681994438171,0.13800163567066193
left,combo,0,combo,-10.051833152770996,-4.778226852416992,0.6622936129570007,0.14280134439468384
left,combo,0,combo,-10.052722930908203,-4.820021629333496,0.6160905361175537,0.09606429934501648
left,combo,0,combo,-10.003242492675781,-4.788455486297607,0.6307467222213745,0.09571166336536407
left,combo,0,combo,-9.981334686279297,-4.783056259155273,0.6424726843833923,0.1041593924164772
left,combo,0,combo,-10.09184455871582,-4.845564365386963,0.6247490048408508,0.12752138078212738
left,combo,0,combo,-10.068585395812988,-4.78357458114624,0.669737696647644,0.1542033702135086
left,combo,0,combo,-10.08738899230957,-4.819853782653809,0.6404234766960144,0.13604795932769775
left,combo,0,combo,-9.945560455322266,-4.848245620727539,0.608535647392273,0.0509619377553463
left,combo,0,combo,-10.046844482421875,-4.8057684898376465,0.6271744966506958,0.10392249375581741
left,combo,0,combo,-9.950054168701172,-4.825000762939453,0.6197180151939392,0.06555565446615219
left,combo,0,combo,-9.973626136779785,-4.780628204345703,0.6502013802528381,0.11134601384401321
left,combo,0,combo,-9.942517280578613,-4.838470458984375,0.6134079098701477,0.05898738279938698
left,combo,0,combo,-10.093381881713867,-4.8295793533325195,0.6475687623023987,0.14241927862167358
left,combo,0,combo,-10.038545608520508,-4.779239177703857,0.6434347629547119,0.12369003891944885
left,combo,0,combo,-10.091205596923828,-4.8170671463012695,0.6459872722625732,0.14282108843326569
left,combo,0,combo,-10.058955192565918,-4.793065071105957,0.6446850299835205,0.12814845144748688
left,combo,0,combo,-10.038393020629883,-4.786841869354248,0.637981116771698,0.1156449094414711
left,combo,0,combo,-10.091062545776367,-4.7996954917907715,0.6809787154197693,0.16920050978660583
left,combo,0,combo,-10.118792533874512,-4.86163854598999,0.6443343758583069,0.15988194942474365
left,combo,0,combo,-9.98094367980957,-4.783740043640137,0.6340734362602234,0.09795548021793365
left,combo,0,combo,-9.942933082580566,-4.831835746765137,0.617834746837616,0.06445169448852539
left,combo,0,combo,-9.944079399108887,-4.8079833984375,0.633935809135437,0.08763355761766434
left,combo,0,combo,-10.052974700927734,-4.772220611572266,0.6689897775650024,0.15111637115478516
left,combo,0,combo,-10.018515586853027,-4.791980743408203,0.6288193464279175,0.09735386818647385
left,combo,0,combo,-10.035396575927734,-4.798251152038574,0.622046172618866,0.09805504232645035
left,combo,0,combo,-10.080304145812988,-4.786683082580566,0.6834540367126465,0.16891248524188995
left,combo,0,combo,-10.042019844055176,-4.780773639678955,0.6537306308746338,0.13084131479263306
left,combo,0,combo,-10.016541481018066,-4.782168865203857,0.641857922077179,0.11140632629394531
left,combo,0,combo,-10.102477073669434,-4.8137311935424805,0.6643171310424805,0.16278767585754395
left,combo,0,combo,-10.051711082458496,-4.859365463256836,0.5953143835067749,0.07859282940626144
