step,lf_wx,lf_wy,lf_wz,rf_wx,rf_wy,rf_wz,foot_sep_y,foot_xy_dist,foot_cross,foot_too_close,cf_lf,cf_rf,cf_max_body,cf_max_val,tau_max,pg_z,t_lhp,dp_lhp,t_lhy,dp_lhy,t_lk,dp_lk,t_lap,dp_lap,t_lar,dp_lar,t_rhp,dp_rhp,t_rhy,dp_rhy,t_rk,dp_rk,t_rap,dp_rap,t_rar,dp_rar
0,-10.005355834960938,-4.90909481048584,0.009806053712964058,-10.004484176635742,-5.090714454650879,0.009478406980633736,-0.18161964416503906,0.1816217303276062,1,0,59.16300582885742,116.27460479736328,12,116.27460479736328,2.172412395477295,-0.9999837875366211,0.4299609363079071,-0.006282965186983347,-0.0046809762716293335,-0.0027724995743483305,0.010980886407196522,-5.88569992032717e-06,-0.8183804750442505,0.020016083493828773,1.6360952854156494,-0.03614036366343498,0.707182765007019,-0.008498439565300941,-0.4177446961402893,0.002566489391028881,-0.06779556721448898,-4.575568709697109e-06,-0.8765203952789307,0.02044030837714672,1.7016820907592773,-0.03875162824988365
1,-10.005427360534668,-4.909460067749023,0.029772935435175896,-10.004520416259766,-5.090764045715332,0.02898147888481617,-0.1813039779663086,0.18130624294281006,1,0,11.559113502502441,62.48133850097656,12,62.48133850097656,2.3303351402282715,-0.9998722076416016,0.09310108423233032,-0.0048999120481312275,0.0456162765622139,-0.002325962530449033,0.004322775639593601,0.001643013907596469,-1.0292537212371826,0.02430807799100876,1.4046056270599365,-0.03334582597017288,0.29863622784614563,-0.007164475042372942,-0.09600204974412918,0.002065779874101281,-0.06267065554857254,0.0011563359294086695,-1.1018449068069458,0.026302877813577652,1.819007158279419,-0.047333404421806335
2,-10.006926536560059,-4.9118242263793945,0.04713328555226326,-10.006038665771484,-5.093313694000244,0.044851161539554596,-0.1814894676208496,0.1814916431903839,1,0,0.0,0.0,0,0.0,17.942214965820312,-0.9995724558830261,-1.1729767322540283,-0.014810493215918541,-8.965533256530762,-0.031017884612083435,-0.0012195288436487317,0.027551371604204178,-2.507136583328247,0.008670312352478504,17.88037872314453,0.0334063358604908,0.824634850025177,0.0026704624760895967,-7.074997901916504,-0.027165330946445465,-0.004880374297499657,7.369943341473117e-05,-4.123003959655762,0.010058335959911346,17.942214965820312,0.03074634075164795
3,-10.010979652404785,-4.906826019287109,0.0610506534576416,-10.009416580200195,-5.102141857147217,0.05724316090345383,-0.19531583786010742,0.19532209634780884,1,0,0.0,0.0,0,0.0,36.0,-0.9987889528274536,-14.266545295715332,-0.018626034259796143,-36.0,-0.10977763682603836,-0.002088461071252823,0.06782232969999313,8.611910820007324,0.049752600491046906,17.826763153076172,0.03579249978065491,17.667680740356445,0.031251274049282074,-36.0,-0.09332305192947388,-36.0,-3.3147166789149196e-08,-5.682159423828125,0.032356273382902145,17.870914459228516,0.03271643444895744
4,-10.017119407653809,-4.894906997680664,0.07173192501068115,-10.014126777648926,-5.122107982635498,0.06684242188930511,-0.22720098495483398,0.22722068428993225,1,0,0.0,0.0,0,0.0,36.0,-0.9967840313911438,-20.278419494628906,0.02429240755736828,-36.0,-0.14205269515514374,-0.0023578559048473835,0.08907049894332886,6.065267562866211,0.08878655731678009,17.7658634185791,0.037651386111974716,18.389320373535156,0.07643898576498032,-36.0,-0.0649203285574913,-36.0,-1.364036990025852e-07,-3.8450372219085693,0.09831897914409637,17.71492576599121,0.03406228870153427
5,-10.026750564575195,-4.875678062438965,0.07771503180265427,-10.018800735473633,-5.1497392654418945,0.07562363147735596,-0.2740612030029297,0.2741764783859253,1,0,0.0,0.0,0,0.0,36.0,-0.9951810240745544,-36.0,0.029323790222406387,-36.0,-0.14400923252105713,36.0,0.18098631501197815,-21.292724609375,0.03778548538684845,19.423826217651367,0.04829193651676178,15.208732604980469,0.10451643168926239,-36.0,-0.021310333162546158,-36.0,-2.0605288852948433e-07,-1.3073089122772217,0.17161469161510468,15.730219841003418,0.024609597399830818
6,-10.034146308898926,-4.862578868865967,0.08301995694637299,-10.01710033416748,-5.184349536895752,0.07935655117034912,-0.32177066802978516,0.3222218453884125,1,0,0.0,0.0,0,0.0,36.0,-0.9927738904953003,-36.0,0.09441189467906952,-36.0,-0.13273200392723083,36.0,0.1521657258272171,-21.75766372680664,0.029007459059357643,18.24480628967285,0.05333900824189186,23.3105411529541,0.10912414640188217,-36.0,0.013396519236266613,-36.0,-9.522683512841468e-07,4.916256427764893,0.18526749312877655,17.34113311767578,0.02209101803600788
7,-10.045220375061035,-4.85451602935791,0.08104313910007477,-10.013452529907227,-5.207574844360352,0.08232719451189041,-0.3530588150024414,0.3544851541519165,1,0,0.0,0.0,0,0.0,36.0,-0.9923967123031616,-36.0,0.10949903726577759,-36.0,-0.11718754470348358,36.0,0.17711515724658966,-16.18661880493164,0.03250037506222725,14.8648042678833,0.04278111457824707,29.67662811279297,0.09402526915073395,-36.0,0.08293038606643677,-36.0,-3.689695660114012e-08,-5.389773368835449,0.23009531199932098,19.9254207611084,0.030225789174437523
8,-10.057729721069336,-4.858094215393066,0.07377404719591141,-10.010787010192871,-5.228107452392578,0.08193773031234741,-0.3700132369995117,0.3729791045188904,1,0,0.0,0.0,0,0.0,36.0,-0.9890028834342957,-36.0,0.16970741748809814,-36.0,-0.1094721183180809,36.0,0.1549963653087616,-22.0,0.020358707755804062,15.818622589111328,0.03777160495519638,36.0,0.13833177089691162,-36.0,0.10592276602983475,-36.0,-1.3144762078809435e-06,8.304102897644043,0.28906887769699097,16.18853187561035,0.02265118435025215
9,-10.06705093383789,-4.868413925170898,0.060058511793613434,-10.017755508422852,-5.2379608154296875,0.07558305561542511,-0.36954689025878906,0.37282025814056396,1,0,0.0,0.0,0,0.0,36.0,-0.9873082041740417,-36.0,0.1735997051000595,-36.0,-0.10833963751792908,36.0,0.17228800058364868,-18.149072647094727,0.019659943878650665,17.30649185180664,0.03846221789717674,36.0,0.17340423166751862,-36.0,0.10336202383041382,-36.0,0.04209281876683235,14.035517692565918,0.28663620352745056,19.93644142150879,0.03143288940191269
10,-10.069906234741211,-4.880460262298584,0.043885212391614914,-10.014764785766602,-5.2422895431518555,0.06376153230667114,-0.3618292808532715,0.36600685119628906,1,0,148.5340576171875,25.012510299682617,6,148.5340576171875,36.0,-0.9864035248756409,-36.0,0.14678464829921722,-36.0,-0.059742704033851624,36.0,0.17587631940841675,-15.949945449829102,-0.03719396889209747,18.072025299072266,-0.028761832043528557,34.581729888916016,0.2183694690465927,-36.0,0.08312343806028366,-36.0,0.024012066423892975,12.345458984375,0.24304892122745514,16.71639633178711,0.010496094822883606
11,-10.067888259887695,-4.879051685333252,0.03142549842596054,-10.018821716308594,-5.255292892456055,0.05576114356517792,-0.37624120712280273,0.37942713499069214,1,0,316.8033752441406,181.3374786376953,6,316.8033752441406,36.0,-0.9891465306282043,-36.0,0.07549840211868286,-36.0,-0.057327836751937866,36.0,0.1576140820980072,-7.116038799285889,-0.08293643593788147,18.190053939819336,-0.1605079174041748,33.555110931396484,0.24745921790599823,-36.0,0.05772233381867409,-36.0,0.03621898218989372,13.711254119873047,0.08668356388807297,-3.5978734493255615,0.0897599458694458
12,-10.065281867980957,-4.8819966316223145,0.030213020741939545,-10.022771835327148,-5.257537841796875,0.04858110845088959,-0.37554121017456055,0.3779395520687103,1,0,137.23414611816406,0.0,6,137.23414611816406,36.0,-0.990113377571106,-9.379484176635742,0.1027190089225769,-29.992706298828125,-0.05236878618597984,-14.315590858459473,0.01786409504711628,-3.316887855529785,0.015412661246955395,6.049007415771484,-0.17552272975444794,34.00770950317383,0.27124184370040894,-36.0,-0.004577525891363621,-36.0,0.027843736112117767,17.299495697021484,-0.009348594583570957,5.392420291900635,0.09093397110700607
13,-10.060701370239258,-4.878583908081055,0.032150231301784515,-10.015864372253418,-5.250844955444336,0.04190739616751671,-0.37226104736328125,0.3749515116214752,1,0,82.83712768554688,0.0,6,82.83712768554688,36.0,-0.9899868965148926,-11.101158142089844,0.034336600452661514,-36.0,-0.15571318566799164,-4.9530863761901855,0.05516667664051056,1.577687382698059,0.02523905411362648,6.103618621826172,-0.14771787822246552,36.0,0.25306856632232666,-36.0,-0.0804593414068222,-36.0,0.01802864298224449,17.911951065063477,-0.023479096591472626,8.162252426147461,0.14521388709545135
14,-10.055468559265137,-4.877172946929932,0.03300756961107254,-10.0128173828125,-5.242181301116943,0.036961790174245834,-0.3650083541870117,0.36749181151390076,1,0,135.6602783203125,74.167236328125,6,135.6602783203125,36.0,-0.9874085187911987,-8.996438980102539,0.03743122145533562,-33.117767333984375,-0.18214793503284454,-11.492623329162598,0.02776733785867691,1.0828691720962524,0.0608510747551918,9.383861541748047,-0.14552052319049835,36.0,0.24639521539211273,-36.0,-0.16652627289295197,-36.0,0.0291416198015213,9.82053279876709,-0.05210293084383011,-8.898947715759277,0.09494175761938095
15,-10.052218437194824,-4.878612995147705,0.033877402544021606,-10.015349388122559,-5.241913318634033,0.036032114177942276,-0.3633003234863281,0.3651663362979889,1,0,110.0794677734375,92.43607330322266,6,110.0794677734375,36.0,-0.9832987189292908,-14.94474983215332,-0.008579324930906296,-36.0,-0.2185327112674713,1.4192399978637695,0.08036456257104874,-1.5065507888793945,0.06861458718776703,10.4638671875,-0.13032136857509613,33.86695098876953,0.2718714773654938,-36.0,-0.18371757864952087,-36.0,0.07789966464042664,17.318010330200195,-0.09971677511930466,-8.344605445861816,0.09895889461040497
16,-10.044114112854004,-4.881697654724121,0.036477163434028625,-10.022607803344727,-5.243496894836426,0.034611839801073074,-0.3617992401123047,0.3624378442764282,1,0,49.58906936645508,157.5801544189453,12,157.5801544189453,36.0,-0.9771325588226318,-21.07579803466797,-0.0432056300342083,-36.0,-0.24343861639499664,3.7259573936462402,0.11005643755197525,-0.11929178237915039,0.08285295218229294,19.523876190185547,-0.09664026647806168,20.613143920898438,0.3063742518424988,-36.0,-0.1627979576587677,-36.0,0.15839579701423645,21.480222702026367,-0.19276443123817444,-5.775487899780273,0.11806650459766388
17,-10.034767150878906,-4.881541728973389,0.038537316024303436,-10.029423713684082,-5.244838237762451,0.03330341726541519,-0.3632965087890625,0.3633357882499695,1,0,56.16750717163086,30.331552505493164,6,56.16750717163086,36.0,-0.9690127372741699,-36.0,-0.07901284843683243,-36.0,-0.2433282732963562,36.0,0.13710954785346985,-14.740087509155273,0.1281691938638687,14.109590530395508,-0.04241463169455528,23.387800216674805,0.35544225573539734,-36.0,-0.17471924424171448,-36.0,0.20382048189640045,20.868221282958984,-0.23266704380512238,2.8763880729675293,0.1718689501285553
18,-10.01759147644043,-4.886385917663574,0.03943149372935295,-10.031560897827148,-5.240346431732178,0.031020373106002808,-0.3539605140686035,0.35423606634140015,1,0,71.1600570678711,95.5623779296875,12,95.5623779296875,36.0,-0.9655716419219971,-33.73777770996094,-0.1599556803703308,-36.0,-0.2287004142999649,36.0,0.1460660994052887,-22.0,0.19530215859413147,20.084426879882812,-0.04522748664021492,7.694509506225586,0.3287457525730133,-36.0,-0.20280137658119202,-36.0,0.256596177816391,16.924373626708984,-0.2736198604106903,-1.032935380935669,0.16202251613140106
19,-9.996828079223633,-4.898690700531006,0.04107353091239929,-10.03370189666748,-5.242177486419678,0.03010590374469757,-0.3434867858886719,0.34546035528182983,1,0,68.47871398925781,259.5791015625,12,259.5791015625,36.0,-0.9660583138465881,-30.577421188354492,-0.25299161672592163,-36.0,-0.22567793726921082,36.0,0.13708806037902832,-22.0,0.2345917969942093,19.73527717590332,-0.04926959425210953,9.039443969726562,0.2872542142868042,-36.0,-0.18515948951244354,-36.0,0.3244878649711609,17.85546112060547,-0.31738001108169556,-0.14178824424743652,0.17006929218769073
20,-9.977073669433594,-4.915735244750977,0.04448135569691658,-10.034013748168945,-5.246039867401123,0.030489357188344002,-0.3303046226501465,0.335176557302475,1,0,37.62812805175781,93.06172180175781,12,93.06172180175781,36.0,-0.9619331359863281,7.113645553588867,-0.2399436980485916,-36.0,-0.21908380091190338,-1.1307870149612427,0.047652412205934525,2.53302001953125,0.27657899260520935,15.714427947998047,0.0054498761892318726,21.226104736328125,0.30591875314712524,-36.0,-0.18522989749908447,-36.0,0.3392438590526581,22.0,-0.3374606966972351,-1.5200657844543457,0.15306511521339417
21,-9.974204063415527,-4.9270920753479,0.043604183942079544,-10.036142349243164,-5.247426986694336,0.03219202160835266,-0.32033491134643555,0.3262679874897003,1,0,64.4350814819336,73.0599365234375,12,73.0599365234375,36.0,-0.9472527503967285,3.597109794616699,-0.16793371737003326,-23.349327087402344,-0.28840646147727966,-8.110102653503418,0.04976816475391388,-9.343563079833984,0.24118207395076752,0.9654898047447205,-0.07818812876939774,19.277421951293945,0.35473155975341797,-36.0,-0.19346266984939575,-36.0,0.38468068838119507,22.0,-0.35236623883247375,11.328815460205078,0.15443460643291473
22,-9.973932266235352,-4.929561138153076,0.043666623532772064,-10.037190437316895,-5.24363374710083,0.032781243324279785,-0.3140726089477539,0.32037976384162903,1,0,36.400882720947266,90.05130767822266,12,90.05130767822266,36.0,-0.9274649620056152,-4.392605781555176,-0.12143537402153015,-23.188600540161133,-0.2870352268218994,-5.399286270141602,0.08444327861070633,-9.485097885131836,0.22637495398521423,-3.8836405277252197,-0.06355515867471695,2.218343734741211,0.3973849415779114,-36.0,-0.174875408411026,-36.0,0.41655153036117554,21.823287963867188,-0.36566856503486633,13.0072603225708,0.12484776973724365
23,-9.982931137084961,-4.9219818115234375,0.04421388730406761,-10.036309242248535,-5.244733810424805,0.03031802922487259,-0.3227519989013672,0.32713615894317627,1,0,22.229272842407227,169.34725952148438,12,169.34725952148438,36.0,-0.9071400165557861,-13.721392631530762,-0.0794578343629837,-36.0,-0.32925087213516235,9.204927444458008,0.1339757740497589,-5.130375862121582,0.19792307913303375,-6.574427604675293,-0.07661571353673935,2.5609283447265625,0.45887523889541626,-36.0,-0.11750581860542297,-36.0,0.3972817361354828,18.970991134643555,-0.39569565653800964,0.3722440004348755,0.10770395398139954
24,-9.986659049987793,-4.917690753936768,0.04618915170431137,-10.032325744628906,-5.254416465759277,0.03043200448155403,-0.33672571182250977,0.33980825543403625,1,0,0.0,147.39743041992188,12,147.39743041992188,36.0,-0.8990570306777954,-36.0,-0.08798401057720184,-36.0,-0.3080829977989197,36.0,0.13689430058002472,-22.0,0.1961621195077896,-16.891155242919922,-0.0799575075507164,-15.662812232971191,0.46906018257141113,-36.0,-0.02555365487933159,-36.0,0.41523492336273193,14.340588569641113,-0.41589978337287903,-2.602290391921997,0.09977950900793076
25,-9.992904663085938,-4.913139343261719,0.048879776149988174,-10.024324417114258,-5.266836643218994,0.031108694151043892,-0.3536972999572754,0.35509011149406433,1,0,51.29570770263672,192.34674072265625,12,192.34674072265625,36.0,-0.8982399702072144,-12.702362060546875,-0.1339675635099411,-36.0,-0.30689743161201477,36.0,0.13864721357822418,-13.90913200378418,0.1951538622379303,-10.802691459655762,-0.07597728073596954,2.4755706787109375,0.43789389729499817,-36.0,0.04995865002274513,-36.0,0.47511738538742065,20.133148193359375,-0.443582147359848,-0.7591242790222168,0.12051180005073547
26,-9.998687744140625,-4.911346435546875,0.05174749717116356,-10.02088737487793,-5.274949550628662,0.03070853464305401,-0.3636031150817871,0.36428019404411316,1,0,21.12566566467285,182.400390625,12,182.400390625,36.0,-0.8951003551483154,3.8508005142211914,-0.15098214149475098,-35.09876251220703,-0.2992682456970215,8.569045066833496,0.10401100665330887,-7.00697660446167,0.20112502574920654,-9.871737480163574,-0.07304269075393677,3.7876720428466797,0.4529401957988739,-36.0,0.11427213251590729,-36.0,0.4695272147655487,21.793127059936523,-0.46006688475608826,-1.1223756074905396,0.10298565030097961
27,-10.008279800415039,-4.909570217132568,0.05348282679915428,-10.014473915100098,-5.2812018394470215,0.02997690439224243,-0.3716316223144531,0.3716832399368286,1,0,40.486656188964844,222.38058471679688,12,222.38058471679688,36.0,-0.8855286836624146,-6.298725128173828,-0.15105925500392914,-31.133045196533203,-0.3390927016735077,-1.0878896713256836,0.10519135743379593,-7.580526828765869,0.22360658645629883,-1.3514735698699951,-0.03524763509631157,-7.025163650512695,0.4648784101009369,-36.0,0.1945122629404068,-36.0,0.4551675021648407,18.553279876708984,-0.4557758867740631,1.5589280128479004,0.10113149136304855
28,-10.019308090209961,-4.907093048095703,0.05525284633040428,-10.007038116455078,-5.289015293121338,0.03026174008846283,-0.38192224502563477,0.3821192979812622,1,0,28.073347091674805,353.399169921875,12,353.399169921875,36.0,-0.877264142036438,-36.0,-0.18101485073566437,-36.0,-0.3498304784297943,36.0,0.13796524703502655,-22.0,0.208659827709198,-18.629655838012695,-0.052185624837875366,-7.315727233886719,0.47759339213371277,-36.0,0.2844730019569397,-36.0,0.41532081365585327,17.150611877441406,-0.43055063486099243,5.907031059265137,0.1163511723279953
29,-10.022319793701172,-4.912368297576904,0.06064814329147339,-9.99705696105957,-5.292623996734619,0.030373279005289078,-0.38025569915771484,0.38109397888183594,1,0,0.0,130.69943237304688,12,130.69943237304688,36.0,-0.8875494003295898,-2.6833906173706055,-0.28110840916633606,-36.0,-0.35808467864990234,26.986474990844727,0.13736635446548462,-6.365026473999023,0.1942400336265564,-14.84928035736084,-0.03860558941960335,-1.2908287048339844,0.44047707319259644,-36.0,0.23990412056446075,-36.0,0.38432666659355164,20.846668243408203,-0.3973228335380554,8.46630859375,0.15483321249485016
30,-10.030592918395996,-4.9180006980896,0.06157070770859718,-9.98420524597168,-5.300435543060303,0.030335141345858574,-0.3824348449707031,0.3852379024028778,1,0,0.0,115.241943359375,12,115.241943359375,36.0,-0.893025279045105,-8.048707008361816,-0.3351256549358368,-36.0,-0.3411252200603485,36.0,0.12849627435207367,-15.685079574584961,0.17265565693378448,-17.342775344848633,-0.03966010361909866,1.7737369537353516,0.39643505215644836,-36.0,0.3493816554546356,-36.0,0.37019333243370056,19.667572021484375,-0.3965133726596832,7.166127681732178,0.18914839625358582
31,-10.038676261901855,-4.925592422485352,0.06503956019878387,-9.97585678100586,-5.305699825286865,0.030863014981150627,-0.38010740280151367,0.38526347279548645,1,0,32.13911437988281,95.2786865234375,12,95.2786865234375,36.0,-0.8883073329925537,21.873088836669922,-0.26037344336509705,-0.42352294921875,-0.24820469319820404,-14.737857818603516,0.0001612815394764766,-1.0015578269958496,0.2167583853006363,12.215331077575684,0.06426183134317398,19.08714485168457,0.42025190591812134,-36.0,0.2771165668964386,-36.0,0.3569469153881073,22.0,-0.3875909745693207,5.6924848556518555,0.23684392869472504
32,-10.04934024810791,-4.924953460693359,0.06893924623727798,-9.969717979431152,-5.309257507324219,0.03336683660745621,-0.3843040466308594,0.39246565103530884,1,0,61.8387565612793,74.16889953613281,12,74.16889953613281,36.0,-0.878098726272583,6.366728782653809,-0.2899417281150818,-33.422157287597656,-0.2753179967403412,1.246918797492981,0.06943295150995255,-3.694856643676758,0.11802122741937637,-10.55471134185791,-0.008385511115193367,12.422029495239258,0.4002958834171295,-36.0,0.29513418674468994,-36.0,0.45313066244125366,22.0,-0.42286375164985657,12.34579849243164,0.2458687573671341
33,-10.057254791259766,-4.921701431274414,0.07317814230918884,-9.967279434204102,-5.310000896453857,0.033055275678634644,-0.38829946517944336,0.39858755469322205,1,0,0.0,93.15164947509766,12,93.15164947509766,36.0,-0.8586629033088684,-6.992974281311035,-0.2762663662433624,-35.06718826293945,-0.34141406416893005,-5.255763530731201,0.04182558134198189,9.969048500061035,0.17867720127105713,-19.059663772583008,-0.017702899873256683,4.124652862548828,0.3795621991157532,-36.0,0.34634271264076233,-36.0,0.5045903325080872,22.0,-0.4484988749027252,10.108224868774414,0.25420355796813965
34,-10.06210708618164,-4.924540042877197,0.07357977330684662,-9.973344802856445,-5.303510665893555,0.031234294176101685,-0.3789706230163574,0.3892267644405365,1,0,23.840133666992188,109.42647552490234,12,109.42647552490234,36.0,-0.8222950100898743,9.150270462036133,-0.21773089468479156,-24.979923248291016,-0.3072814345359802,-3.5222485065460205,0.05330757051706314,-2.6639909744262695,0.12111631780862808,-0.8794464468955994,0.07923693209886551,-7.575260162353516,0.39786821603775024,-36.0,0.2293604016304016,-36.0,0.5046712160110474,14.453815460205078,-0.39476436376571655,0.6323361396789551,0.2824863791465759
35,-10.073657035827637,-4.919050216674805,0.07683819532394409,-9.977144241333008,-5.295156955718994,0.031179126352071762,-0.37610673904418945,0.3882924020290375,1,0,0.0,61.0285758972168,12,61.0285758972168,36.0,-0.7860566973686218,-15.385329246520996,-0.23491154611110687,-36.0,-0.34775233268737793,-0.23917917907238007,0.09098966419696808,7.178994655609131,0.17186260223388672,-7.947474002838135,0.07584807276725769,5.271099090576172,0.3771296739578247,-36.0,0.1465163677930832,-36.0,0.4825395941734314,13.51606559753418,-0.27623891830444336,4.85628080368042,0.31241539120674133
36,-10.090540885925293,-4.916205406188965,0.07728619873523712,-9.975181579589844,-5.291981220245361,0.03090725839138031,-0.3757758140563965,0.39308422803878784,1,0,0.0,218.7176513671875,12,218.7176513671875,36.0,-0.7569082379341125,-12.70693302154541,-0.1961110532283783,-32.831642150878906,-0.4007812738418579,-0.5736325979232788,0.08756142109632492,4.9642791748046875,0.13259559869766235,-18.70107078552246,0.07191667705774307,9.732942581176758,0.34691721200942993,-36.0,0.18352414667606354,-36.0,0.5184109210968018,15.713081359863281,-0.23934458196163177,0.7857503890991211,0.35316938161849976
37,-10.10264778137207,-4.917724609375,0.07913870364427567,-9.970287322998047,-5.293780326843262,0.033452704548835754,-0.3760557174682617,0.3986693024635315,1,0,19.299694061279297,67.15641021728516,12,67.15641021728516,36.0,-0.7218952178955078,-6.191341876983643,-0.14353111386299133,-35.76908874511719,-0.43045851588249207,-2.7592451572418213,0.08814635872840881,-1.5376996994018555,0.11707046627998352,1.4813008308410645,0.07743041217327118,12.842113494873047,0.36197763681411743,-36.0,0.2186570167541504,-36.0,0.5466399788856506,20.730966567993164,-0.22548910975456238,9.81774616241455,0.34986865520477295
38,-10.112446784973145,-4.921426773071289,0.07948660850524902,-9.965428352355957,-5.292241096496582,0.03443935513496399,-0.37081432342529297,0.39889559149742126,1,0,84.11286163330078,179.85549926757812,12,179.85549926757812,36.0,-0.6886993050575256,-36.0,-0.1552404761314392,-36.0,-0.4425170123577118,36.0,0.1516156792640686,-18.143096923828125,0.12840664386749268,14.236112594604492,0.06741451472043991,10.715435028076172,0.3751239776611328,-36.0,0.24698437750339508,-36.0,0.5154345035552979,20.891294479370117,-0.18614539504051208,7.8075432777404785,0.356306791305542
39,-10.110247611999512,-4.928300857543945,0.08369280397891998,-9.961993217468262,-5.293555736541748,0.036265186965465546,-0.36525487899780273,0.3941960036754608,1,0,0.0,60.491519927978516,12,60.491519927978516,36.0,-0.6652569770812988,-16.95400619506836,-0.18297986686229706,-36.0,-0.42460229992866516,36.0,0.13301298022270203,-17.805830001831055,0.12430936098098755,15.412294387817383,0.0642118901014328,24.395492553710938,0.35305583477020264,-36.0,0.27114957571029663,-36.0,0.52451092004776,22.0,-0.16756506264209747,9.44472885131836,0.3506208658218384
40,-10.10632038116455,-4.940387725830078,0.08505922555923462,-9.959864616394043,-5.299494743347168,0.03738052025437355,-0.35910701751708984,0.38782358169555664,1,0,0.0,174.16293334960938,12,174.16293334960938,36.0,-0.621191143989563,-2.465801239013672,-0.10649751871824265,-36.0,-0.4202367067337036,-10.913251876831055,0.033965252339839935,4.150443077087402,0.2126089483499527,16.42455291748047,0.0623089000582695,19.457012176513672,0.370952844619751,-36.0,0.3472677767276764,-36.0,0.5408495664596558,22.0,-0.18763218820095062,9.415545463562012,0.3535076975822449
41,-10.09709644317627,-4.957192420959473,0.08198226243257523,-9.95433521270752,-5.302488327026367,0.04010206460952759,-0.34529590606689453,0.37364426255226135,1,0,83.50128173828125,94.08662414550781,12,94.08662414550781,36.0,-0.5660895109176636,0.4319019317626953,0.00048669162788428366,-36.0,0.0001666228345129639,1.2021362781524658,-1.505343425378669e-05,10.577061653137207,4.190738400211558e-05,14.659212112426758,2.6460053049959242e-05,7.816194534301758,0.000492223771288991,-36.0,-0.000170049155713059,-36.0,-5.118963963468559e-05,17.17406463623047,0.00014526992163155228,3.9175448417663574,1.5907884517218918e-05
